release_year	title	artist	genre	note_ja	confidence	source
1972	めぐり逢う青春	野口五郎			unverified	itunes-verified:preview-url-present
1972	青い日曜日	野口五郎			unverified	itunes-verified:preview-url-present
1996	KOREYA!	高中正義			unverified	itunes-verified:preview-url-present
1996	LA・LA・LA LOVE SONG	久保田利伸Naomi Campbell			unverified	itunes-verified:preview-url-present
1996	STYLISH WOMAN	米米CLUB			unverified	itunes-verified:preview-url-present
1996	TAKAJAZZ	高中正義			unverified	itunes-verified:preview-url-present
1996	偶然のできごと	市原真紀			unverified	itunes-verified:preview-url-present
2005	Butterfly	倖田來未			unverified	itunes-verified:preview-url-present
2005	HELLO MY FRIENDS	TAKUI			unverified	itunes-verified:preview-url-present
2005	はじめて君としゃべった	ガガガSP			unverified	itunes-verified:preview-url-present
2005	キミはともだち	平井堅			unverified	itunes-verified:preview-url-present
2005	ループ	坂本真綾			unverified	itunes-verified:preview-url-present
2005	光のシルエット	CooRie			unverified	itunes-verified:preview-url-present
2005	刻印	can/goo			unverified	itunes-verified:preview-url-present
2005	十六夜の月	w-inds.			unverified	itunes-verified:preview-url-present
2005	夜空に咲く花〜eternal place〜	YeLLOW Generation			unverified	itunes-verified:preview-url-present
2005	秘密基地	高田梢枝			unverified	itunes-verified:preview-url-present
2005	約束	黒田倫弘			unverified	itunes-verified:preview-url-present
