release_year	title	artist	genre	note_ja
1951	ひばりの花売娘	美空ひばり		
1951	カチューシャ	安藤まり子		
1951	ミネソタの卵売り	暁テル子		
1951	僕は特急の機関士で	三木鶏郎／丹下キヨ子／森繁久彌		
1951	アルプスの牧場	灰田勝彦		
1951	あの丘こえて	美空ひばり		
1951	上海帰りのリル	津村謙		
1951	高原の駅よさようなら	小畑実		
1952	テネシー・ワルツ	江利チエミ		
1952	お祭マンボ	美空ひばり		
1952	ゲイシャ・ワルツ	神楽坂はん子		
1952	ああモンテンルパの夜は更けて	渡辺はま子		
1952	赤いランプの終列車	春日八郎		
1955	田舎のバスで	中村メイコ		
1955	娘船頭さん	美空ひばり		
1955	おんな船頭唄	三橋美智也		
1955	りんどう峠	島倉千代子		
1955	南国土佐を後にして	鈴木三重子		
1955	別れの一本杉	春日八郎		
1955	島の船唄	三橋美智也		
1955	ガード下の靴みがき	宮城まり子		
1955	カスバの女	エト邦枝		
1955	月がとっても青いから	菅原都々子		
1956	若いお巡りさん	曽根史郎		
1956	東京の人よさようなら	島倉千代子		
1956	リンゴ村から	三橋美智也		
1956	ここに幸あり	大津美子		
1956	愛ちゃんはお嫁に	鈴木三重子		
1956	哀愁列車	三橋美智也		
1956	どうせひろった恋だもの	コロンビア・ローズ		
1956	ケ・セラ・セラ	ペギー葉山		
1957	喜びも悲しみも幾歳月	若山彰		
1957	バナナ・ボート	浜村美智子		
1957	俺は待ってるぜ	石原裕次郎		
1957	東京だよおっ母さん	島倉千代子		
1957	港町十三番地	美空ひばり		
1957	船方さんよ	三波春夫		
1957	あン時ゃどしゃ降り	春日八郎		
1957	錆びたナイフ	石原裕次郎		
1957	13,800円	フランク永井		
1958	嵐を呼ぶ男	石原裕次郎		
1958	夕焼けとんび	三橋美智也		
1958	だからいったじゃないの	松山恵子		
1958	監獄ロック	小坂一也		
1958	おーい中村君	若原一郎		
1958	無法松の一生	村田英雄		
1958	有楽町０番地	フランク永井		
1958	ダイナマイトが１５０屯	小林旭		
1958	からたち日記	島倉千代子		
1958	星は何でも知っている	平尾昌章		
1959	夜霧に消えたチャコ	フランク永井		
1959	南国土佐を後にして	ペギー葉山		
1959	古城	三橋美智也		
1959	大利根無情	三波春夫		
1959	キサス・キサス・キサス	ザ・ピーナッツ		
1959	ギターを持った渡り鳥	小林旭		
1959	浅草姉妹	こまどり姉妹		
1959	足摺岬	春日八郎		
1959	黄色いさくらんぼ	スリー・キャッツ		
1959	東京ナイトクラブ	フランク永井・松尾和子		
1960	ズンドコ節	小林旭		
1960	霧笛が俺を呼んでいる	赤木圭一郎		
1960	誰よりも君を愛す	松尾和子・和田弘とマヒナスターズ		
1960	アカシアの雨が止む時	西田佐知子		
1960	あれが岬の灯だ	橋幸夫		
1960	ステキなタイミング	ダニー飯田とパラダイス・キング		
1960	東京カチート	フランク永井		
1960	メロンの気持	森山加代子		
1960	哀愁波止場	美空ひばり		
1960	達者でナ	三橋美智也		
1964	君だけを	西郷輝彦		
1964	愛と死をみつめて	青山和子		
1964	君たちがいて僕がいた	舟木一夫		
1964	恋の山手線	小林旭		
1964	皆の衆	村田英雄		
1964	アンコ椿は恋の花	都はるみ		
1964	柔	美空ひばり		
1964	お座敷小唄	和田弘とマヒナスターズ		
1965	君といつまでも	加山雄三		
1965	涙の連絡船	都はるみ		
1965	涙くんさようなら	マヒナ・スターズ		
1965	兄弟仁義	北島三郎		
1965	ねむの木の子守唄	吉永小百合		
1965	赤いグラス	アイ・ジョージ、志摩ちなみ		
1965	知りたくないの	菅原洋一		
1965	二人の世界	石原裕次郎		
1965	女ひとり	デューク・エイセス		
