release_year	title	artist	genre	reason	detail
2022	車輪の唄	ヨルシカ	J-POP	itunes-miss	iTunes に音源が無い
2022	スポイラー	KANA-BOON	J-POP	itunes-miss	iTunes に音源が無い
2022	FLASHBACK	KANA-BOON	J-POP	itunes-miss	iTunes に音源が無い
2022	244	margin	J-POP	itunes-miss	iTunes に音源が無い
2022	馬と鹿	馬と鹿	J-POP	itunes-wrong	iTunes: 馬と鹿（米津玄師）、馬と鹿（米津玄師）、馬と鹿 (Piano Ver.)（Piano Echoes）
2022	ASPARASS	ASIAN KUNG-FU GENERATION	J-POP	itunes-miss	iTunes に音源が無い
2022	脱法ロック	ASIAN KUNG-FU GENERATION	J-POP	itunes-miss	iTunes に音源が無い
2022	SPECULATIVE	King Gnu	J-POP	itunes-miss	iTunes に音源が無い
2022	こちらあみ子	あいみょん	J-POP	itunes-miss	iTunes に音源が無い
2022	wall	あいみょん	J-POP	itunes-miss	iTunes に音源が無い
2022	.cat	あいみょん	J-POP	itunes-miss	iTunes に音源が無い
2022	電光石火	あいみょん	J-POP	itunes-wrong	iTunes: 電光石火（窓際ぼっち倶楽部）
2022	maddox	Vaundy	J-POP	itunes-miss	iTunes に音源が無い
2022	Sortie	Vaundy	J-POP	itunes-miss	iTunes に音源が無い
2022	なべ吟	Vaundy	J-POP	itunes-miss	iTunes に音源が無い
2022	干细胞	椎名林檎	J-POP	itunes-miss	iTunes に音源が無い
2022	曇天	椎名林檎	J-POP	itunes-miss	iTunes に音源が無い
2022	CYBER	MONO NO AWARE	J-POP	itunes-miss	iTunes に音源が無い
2022	桜花爛漫	MONO NO AWARE	J-POP	itunes-wrong	iTunes: 桜花爛漫（KEYTALK）、桜花爛漫（徒花TOXiC）、桜花爛漫（己龍）
2022	罠	羊文学	J-POP	itunes-miss	iTunes に音源が無い
2022	それゆけ!	最多ヤバい子たち	J-POP	itunes-unreachable	iTunes がレート制限で拒みました: HTTP 403（それゆけ! 最多ヤバい子たち）
2023	告白	YOASOBI	J-POP	itunes-miss	iTunes に音源が無い
2023	MONSTER	Vaundy	J-POP	itunes-wrong	iTunes: Monster（Red Velvet - IRENE & SEULGI）、Monster（ショーン・メンデス & ジャスティン・ビーバー）、Monster (Dotexe Remix)（Nightcore）
2023	裏表	Vaundy	J-POP	itunes-unreachable	iTunes がレート制限で拒みました: HTTP 403（裏表 Vaundy）
2023	蜃気楼	GO! GO! Vanillas	J-POP	itunes-unreachable	iTunes がレート制限で拒みました: HTTP 403（蜃気楼 GO! GO! Vanillas）
2023	解体	Ado	J-POP	itunes-miss	iTunes に音源が無い
2023	再会	Kroi	J-POP	itunes-unreachable	iTunes がレート制限で拒みました: HTTP 403（再会 Kroi）
2023	リライト	Kroi	J-POP	itunes-unreachable	iTunes がレート制限で拒みました: HTTP 403（リライト Kroi）
2023	かわせい	till the end of the world	J-POP	itunes-miss	iTunes に音源が無い
2023	裸	kroi	J-POP	itunes-unreachable	iTunes がレート制限で拒みました: HTTP 403（裸 kroi）
2023	Tsunami	Vaundy	J-POP	itunes-unreachable	iTunes がレート制限で拒みました: HTTP 403（Vaundy Tsunami）
2023	き不在	Yoh Kamiyama	J-POP	itunes-unreachable	iTunes がレート制限で拒みました: HTTP 403（き不在 Yoh Kamiyama）
2023	拾いもの	iri	J-POP	itunes-unreachable	iTunes がレート制限で拒みました: HTTP 403（iri 拾いもの）
2023	fool	iri	J-POP	itunes-unreachable	iTunes がレート制限で拒みました: HTTP 403（iri fool）
2023	横顔	iri	J-POP	itunes-unreachable	iTunes がレート制限で拒みました: HTTP 403（横顔 iri）
2025	恋の	milet	J-POP	itunes-unreachable	iTunes がレート制限で拒みました: HTTP 403（恋の milet）
2025	社会学	milet	J-POP	itunes-unreachable	iTunes が到達不能のため問い合わせを省略しました
2025	brands	milet	J-POP	itunes-unreachable	iTunes が到達不能のため問い合わせを省略しました
2025	Whenever	Ado	J-POP	itunes-unreachable	iTunes が到達不能のため問い合わせを省略しました
2025	ネオン nauy	Luck Life	J-POP	itunes-unreachable	iTunes が到達不能のため問い合わせを省略しました
2025	Dividend	Kroi	J-POP	itunes-unreachable	iTunes が到達不能のため問い合わせを省略しました
2025	愛の歌	ZARD	J-POP	itunes-unreachable	iTunes が到達不能のため問い合わせを省略しました
2025	Since	Vaundy	J-POP	itunes-unreachable	iTunes が到達不能のため問い合わせを省略しました
2025	旅立ち	Vaundy	J-POP	itunes-unreachable	iTunes が到達不能のため問い合わせを省略しました
